send,receive
OEC,AGC
OEC,AAO
OEC,AZ
OEC,Au-OH
OEC,AA
OEC,BSC
OEC,BGA
OEC,BWGLT
OEC,CRWP
OEC,CleM
OEC,CZA
OEC,DawA
OEC,ESO
OEC,EnvOH
OEC,ELPC
OEC,FQ
OEC,FPCBG
OEC,FPOSPA
OEC,FOAC
OEC,BCC
OEC,FoEC
OEC,FOWC
OEC,FOTCR
OEC,FoHR
OEC,FoSR
OEC,GLSMLIA
OEC,GCBUS
OEC,GoGLSM
OEC,IWLOA
OEC,NCWQR
OEC,MCRP
OEC,MORPC
OEC,TNC-OH
OEC,NWF
OEC,MWCD
OEC,OFSWCD
OEC,OHInterPL
OEC,LoCV
OEC,OSG
OEC,RCP
OEC,RRWC
OEC,R2TC
OEC,RA
OEC,SC-OH
OEC,SEC
OEC,TLT
OEC,3VCT
OEC,TCWP
OEC,TPL
OEC,Twild
OEC,WRLC
OEC,LEW
OEC,FoYC
OEC,WCC
OEC,AOA
OCCA,OEC
AGC,OEC
AGC,COAPS
AGC,CBG
AGC,CCVNP
AGC,FOTCR
AGC,NPSNO
AGC,TNC-OH
AGC,ONAPA
AGC,SummitMP
AGC,TPL
CBG,GC
CBG,HA
GC,CBG
HA,CleM
HA,USFS
HA,OSU-CFAES
HA,CBG
CCVNP,O&EC
CCVNP,CS
CCVNP,NPS-CVNP
NPS-CVNP,CCVNP
CS,CCVNP
CS,NPS-CVNP
O&EC,CCVNP
CleM,CNSC
CleM,OIPC
CNSC,CleM
LENSC,CleM
LENSC,OSG
LENSC,OLO
LENSC,ESO
LENSC,GLRI
OSG,NOAA
OSG,ODNR
OSG,ODNR-DW
OSG,ODNR-OCM
OSG,ODOT
OSG,EPA-OH
OSG,TMACOG
OSG,CMNH
OSG,OLMS
OSG,OWA
OSG,ErieSWCD
OSG,OSU-SENR
OSU-SENR,OSU-OARDC
OSU-SENR,OSU-CFAES
OSU-SENR,OSU-OEE
NOAA-GLERL,GLOS
NOAA-GLERL,GLRI
NOAA-GLERL,USEPA
NOAA-GLERL,NPS
NOAA-GLERL,USACE
NOAA-GLERL,USFWS
NOAA-GLERL,CGLG
NOAA-GLERL,Ltech
NOAA-GLERL,AFGL
NOAA-GLERL,HOWGLC
NOAA-GLERL,OSU-CFAES
NOAA-GLERL,UoT
NOAA-GLERL,LENSC
NOAA-OCM-OH,ErieSWCD
NOAA-OCM-OH,OWCR
OWCR,NOAA-OCM-OH
FOWC,OWCR
NOAA-NERRS,OWCR
ODNR-OCM,EPA-OH
ODNR-OCM,NOAA-OCM-OH
ODNR-OCM,NOAA-NERRS
ODNR-OCM,OWCR
OLO,AZ
OLO,AA
OLO,BNC
OLO,CNC
OLO,CleM
OLO,CMNH
OLO,ColF
OLO,DayF
OLO,5RM
OLO,CZA
OLO,LakeM
OLO,ODNR-DW
OLO,RAP
OLO,OBCI
OLO,DayPFE
OLO,SP
OLO,OSU-CFAES
OLO,LENSC
AZ,OLO
AA,OLO
AA,PSC
PSC,AA
PSC,OSBA
OSBA,PSC
BSBO,OLO
BNC,OLO
CNC,OLO
CNC,CLC
CNC,ODNR-DF
CNC,TNC-OH
CNC,GPGC
CNC,GU-OH
CLC,CNC
CLC,GU-OH
CLC,COLT
CLC,LTA
CLC,BKER
TNC-OH,ODNR-DW
TNC-OH,CNC
TNC-OH,OIPC
GU-OH,CC-OES
GU-OH,CEA
GU-OH,CNC
GU-OH,CP
GU-OH,GPHC
GU-OH,CLC
GU-OH,CM
GU-OH,FOLMSP
GU-OH,XU-S
GU-OH,GBC
GU-OH,GCEA
GU-OH,Au-OH
GU-OH,CCPD
GU-OH,ClermontSWCD
GU-OH,DukeE
GU-OH,GoSE
GU-OH,Gstock
GU-OH,HamiltonPH
GU-OH,IWLOA
GU-OH,KCB
GU-OH,MoBC
GU-OH,MCA
GU-OH,OCA
GU-OH,ORF
GU-OH,OSU-E
GU-OH,ORSANCO
GU-OH,RAP
GU-OH,RBIS
GU-OH,ShomO
GU-OH,MCD
GU-OH,OEC
GU-OH,Ucin
GU-OH,USGBC-OH
GU-OH,VVF
ODNR-DF,CNC
GPGC,UC-S
GPGC,CNC
GPGC,DukeE
GPGC,CC-OES
CC-OES,GU-OH
CC-OES,CEA
CEA,GU-OH
CEA,CC-OES
CEA,XU-S
CP,GU-OH
CP,MSDGC
GPHC,GU-OH
GPHC,OIPC
FOLMSP,GU-OH
FOLMSP,ODNR-DNAP
FOLMSP,R2TC
FOLMSP,GPHC
ODNR-DNAP,ODNR-DW
ODNR-DNAP,FOLMSP
CM,GU-OH
CM,FTA
OKIRCG,GU-OH
TST,GU-OH
UC-S,GU-OH
UC-S,GPGC
UC-S,XU-S
FTA,CM
XU-S,UC-S
XU-S,GU-OH
XU-S,CEA
OSU-CMSC,OSU-CFAES
OSU-CMSC,OSU-CMSC
OSU-CURA,OSU-OEE
OSU-CURA,MORPC
OSU-CAR,SCBus
OSU-CAR,OSU-OEE
OSU-CERL,OSU-OEE
OSU-CERTAIN,OSU-OEE
OSU-CERTAIN,OSU-E
OSU-OEE,OSU-CFAES
OSU-OEE,OEC
OSU-OEE,OSU-BPCRC
OSU-OEE,OSU-CMSC
OSU-OEE,OSU-CAR
OSU-OEE,OSU-SENR
OSU-OEE,OSU-OARDC
OSU-OEE,OSG
OSU-OEE,OSU-WRC
OSU-OEE,OSU-W
OSU-OEE,OSU-CERTAIN
ORSANCO,GU-OH
ORSANCO,EPA-OH
ORSANCO,MWCD
ORSANCO,ORBA
ORSANCO,USFWS
ORSANCO,USEPA
ORSANCO,USACE
ORSANCO,NOAA
MWCD,ORSANCO
MWCD,ODNR-DW
MWCD,OSU-OARDC
MWCD,BHRCD
MWCD,CRC&D
MWCD,FOLMR
MWCD,HRWRP
MWCD,USDA-NRCS
MWCD,ODA-SWC
MWCD,USACE-H
MWCD,USFWS
MWCD,USFS
MWCD,USGS-OH
MWCD,TWC
MWCD,FairfieldSWCD
MWCD,NEFCO
ODNR-DW,MWCD
ODNR-DW,ODNR-DNAP
ODNR-DW,TNC-OH
OSU-OARDC,MWCD
OSU-OARDC,OSU-CFAES
OSU-OARDC,OSU-SENR
BHRCD,MWCD
BHRCD,FairfieldSWCD
CRC&D,MWCD
FOLMR,MWCD
HRWRP,MWCD
HRWRP,USFS
HRWRP,RA
USDA-NRCS,MWCD
USDA-NRCS,USDA
USDA-NRCS,GLRI
ODA-SWC,MWCD
USACE-H,MWCD
USACE-H,USEPA
USACE-H,EPA-OH
USFWS,MWCD
USFS,MWCD
USFS,RA
USGS-OH,MWCD
USGS-OH,ODNR-DW
USGS-OH,OSU-SENR
USGS-OH,ODNR-DGS
TWC,MWCD
TWC,LEAP
FairfieldSWCD,BHRCD
FairfieldSWCD,MWCD
FairfieldSWCD,HockingSWCD
FairfieldSWCD,VintonSWCD
FairfieldSWCD,OIPC
FairfieldSWCD,ODNR-DWR
FairfieldSWCD,ODNR-DW
RA,HRWRP
RA,USDA
RA,ODNR-DWR
RA,USFS
USDA,RA
USDA,USDA-NRCS
USDA,USFWS
USDA,USDA-MCH
ODNR-DWR,RA
GLRI,USDA-NRCS
GLRI,USFS
GLRI,USACE
GLRI,NOAA
GLRI,USFWS
GLRI,USGS-OH
GLRI,USEPA
NEFCO,MWCD
NEFCO,O&EC
NEFCO,TPL
NEFCO,USEPA
NEFCO,COAPS
USEPA,NEFCO
USEPA,GLRI
TPL,NEFCO
TPL,CoCLE
TPL,USEPA
TPL,NOAA
OSU-CFAES,OSU-SENR
OSU-CFAES,OSU-OARDC
OLEC,EPA-OH
OLEC,ODOT
OLEC,ODNR
OLEC,ODA-SWC
OLEC,ODH
ECoS,EPA-OH
OWDA,EPA-OH
OWDA,OSU-WRC
OWDA,ODNR
ODH,EPA-OH
OAQDA,EPA-OH
OAQDA,ODH
EPA-OH,USACE-H
EPA-OH,GLRI
EPA-OH,USEPA
EPA-OH,ODH
EPA-OH,ORSANCO
EPA-OH,OWRC
EPA-OH,OLEC
EPA-OH,ODNR
EPA-OH,OWDA
EPA-OH,ECoS
EPA-OH,OAQDA
ODOT,USGS-OH
ODOT,MWCD
ODNR-DGS,USGS-OH
NASA-LWC,USGS-OH
LEAP,TWC
LEAP,CoS
LEAP,BCC
LEAP,BioH
LEAP,CleM
LEAP,CMNH
LEAP,FOTCR
LEAP,DBWP
LEAP,GPD
LEAP,GCBL
LEAP,ECPA
LEAP,PP
LEAP,CuyCBH
LEAP,CuyahogaSWCD
LEAP,LakeM
LEAP,LakeSWCD
LEAP,TNC-OH
LEAP,ODNR-DNAP
LEAP,ODNR-DW
LEAP,OIPC
LEAP,MCWP
LEAP,MedinaPD
LEAP,HA
LEAP,LMP
LEAP,OWA
LEAP,PPD
LEAP,SP
LEAP,TCWP
LEAP,SummitMP
LEAP,TPL
LEAP,USEPA
LEAP,WCC
LEAP,WRLC
LEAP,NPSNO
LEAP,Au-OH
LEAP,IWLOA
CoS,LEAP
CoS,NEORSD
CoS,GRC
CoS,CoCLE
CoS,NOACA
CoS,CCPC
CoS,CuyahogaSWCD
CoS,CuyCBH
CoS,CleM
CoS,GCBL
CoS,O&EC
CoS,CS
CoS,WCC
CoS,RRWC
CoS,FoEC
CoS,TCWP
CoS,EPA-OH
CoS,OSU-OWN
CoS,OEC
CoS,NPS-CVNP
CoS,Au-OH
CoS,UT-LEC
CoS,LEW
CoS,Ariv-GL
CoS,USEPA
CoS,FOTCR
NEORSD,CleM
NEORSD,SCLE
NEORSD,DLDT
BCC,LEAP
BCC,NEORSD
BCC,GRC
BCC,CoCLE
BCC,NOACA
BCC,CCPC
BCC,CuyahogaSWCD
BCC,CuyCBH
BCC,CleM
BCC,GCBL
BCC,O&EC
BCC,CS
BCC,WCC
BCC,RRWC
BCC,FoEC
BCC,TCWP
BCC,EPA-OH
BCC,OSU-OWN
BCC,OEC
BCC,NPS-CVNP
BCC,Au-OH
BCC,UT-LEC
BCC,LEW
BCC,Ariv-GL
BCC,USEPA
BCC,FOTCR
CuyahogaSWCD,NEORSD
CuyahogaSWCD,AshtabulaSWCD
CuyahogaSWCD,GeaugaSWCD
CuyahogaSWCD,LakeSWCD
CuyahogaSWCD,PortageSWCD
CuyahogaSWCD,SummitSWCD
CuyahogaSWCD,TrumbullSWCD
CuyahogaSWCD,OFSWCD
SCLE,NEORSD
SCLE,CoCLE
AshtabulaSWCD,GeaugaSWCD
AshtabulaSWCD,LakeSWCD
AshtabulaSWCD,PortageSWCD
AshtabulaSWCD,SummitSWCD
AshtabulaSWCD,TrumbullSWCD
AshtabulaSWCD,OFSWCD
GeaugaSWCD,LakeSWCD
GeaugaSWCD,PortageSWCD
GeaugaSWCD,SummitSWCD
GeaugaSWCD,TrumbullSWCD
GeaugaSWCD,USDA-NRCS
GeaugaSWCD,OFSWCD
LakeSWCD,PortageSWCD
LakeSWCD,SummitSWCD
LakeSWCD,TrumbullSWCD
LakeSWCD,OFSWCD
LakeSWCD,EPA-OH
LakeSWCD,USACE
LakeSWCD,CRWP
LakeSWCD,FOAC
LakeSWCD,HA
LakeSWCD,LakeSMD
LakeSWCD,LakeM
LakeSWCD,USDA-NRCS
LakeSWCD,ODA-SWC
LakeSWCD,ODNR-DW
LakeSWCD,ODNR-OCM
LakeSWCD,USGS-OH
LakeSWCD,CS
PortageSWCD,SummitSWCD
PortageSWCD,TrumbullSWCD
PortageSWCD,OFSWCD
PortageSWCD,USDA-NRCS
PortageSWCD,OSU-E
PortageSWCD,NEOPIPE
PortageSWCD,EPA-OH
PortageSWCD,ODNR
SummitSWCD,TrumbullSWCD
SummitSWCD,OFSWCD
TrumbullSWCD,OFSWCD
TrumbullSWCD,USDA-NRCS
AFGL,DLDT
AFGL,GreatLC
NOACA,NEORSD
NOACA,NEOPIPE
OSU-CC,GCBL
OSU-CC,OSU-E
OSU-CC,OSU-SENR
OSU-CC,OSU-CFAES
OSU-CC,OSG
OSU-CC,OSU-BPCRC
OSU-CC,OSU-OARDC
OSU-CC,OSU-CWC
NPN,GCBL
EHW,GCBL
EHW,CoCLE
EHW,RAGP
CDPH,CoCLE
CoCLE,EHW
CoCLE,SCLE
CoCLE,CuyahogaSWCD
CoCLE,GEO
CoCLE,USGBC-OH
CoCLE,NEOSCC
CoCLE,LEAP
CoCLE,GLRI
CoCLE,GCBL
CoCLE,NEORSD
RAGP,EHW
RAGP,CoCLE
MCAF-OH,Au-OH
MCAF-OH,BGA
MCAF-OH,UCS
MCAF-OH,SC-OH
MCAF-OH,EHW
MCAF-OH,FOFut
MCAF-OH,FEJ
MCAF-OH,GCBUS
MCAF-OH,ALA-OH
MCAF-OH,RichlandCPD
MCAF-OH,OEC
MCAF-OH,OCA
MCAF-OH,OHInterPL
MCAF-OH,LoCV
MCAF-OH,ConBik
MCAF-OH,CFO
MCAF-OH,Ccent
MCAF-OH,EnvOH
Au-OH,MCAF-OH
BGA,MCAF-OH
CFO,MCAF-OH
CFO,COTA
CFO,CC-OS
CFO,DukeE
CFO,ESO
Ccent,MCAF-OH
CRP,MCAF-OH
ConBik,MCAF-OH
EnvOH,MCAF-OH
FOFut,MCAF-OH
FOFut,OEC
FOFut,ConOHPAC
FEJ,MCAF-OH
GCBUS,MCAF-OH
GCBUS,ColF
GCBUS,CC-OS
GCBUS,OSU-E
GCBUS,CC-RPD
OHInterPL,MCAF-OH
OHInterPL,EPA-OH
OHInterPL,OSUN
OHInterPL,CC-OS
OHInterPL,GEO
OHInterPL,USGBC-OH
LoCV,MCAF-OH
OCA,MCAF-OH
OCA,UCS
OCA,RA
OCA,OEC
OCA,SC-OH
SC-OH,MCAF-OH
UCS,MCAF-OH
UCS,OCA
EarthJ,OCA
EarthJ,OEC
EarthJ,OVEC
OVEC,EarthJ
OVEC,ACFAN
OVEC,ORSANCO
RSWCD,MCAF-OH
RSWCD,USDA-NRCS
RSWCD,OFA
RSWCD,ODNR-DF
OFA,RSWCD
OFA,ODNR-DF
OFA,OSU-E
OFA,SFI
OFA,AFF
GEO,OHInterPL
GEO,MORPC
GEO,LEEDCo
GEO,OEC
GEO,AZ
CC-OS,OHInterPL
CC-OS,SCBus
CC-OS,OPHI
CC-OS,CC-RPD
CC-OS,COTA
OSUN,OHInterPL
OSUN,TSSolar
USGBC-OH,UC-S
USGBC-OH,OHInterPL
USGBC-OH,GCEA
GBC,USGBC-OH
GBC,GU-OH
GCEA,USGBC-OH
GCEA,GU-OH
Gstock,USGBC-OH
Gstock,GU-OH
Gstock,CC-OES
Gstock,GSLRCincy
GSLRCincy,GU-OH
GSLRCincy,Gstock
GSLRCincy,USGBC-OH
SCBus,CC-OS
SCBus,ODOT
SCBus,MORPC
SCBus,OSU-OEE
SCBus,COTA
OPHI,CC-OES
OPHI,OSU-E
OPHI,ODOT
OPHI,JSWCD
OPHI,USDA-NRCS
OPHI,OSU-CFAES
OPHI,ODNR-DW
OPHI,DawA
JSWCD,OPHI
JSWCD,USDA-NRCS
JSWCD,ODOT
DawA,OPHI
DawA,OSU-E
DawA,CZA
DawA,LickingSWCD
DawA,ODNR-DF
DawA,ODNR-DNAP
DawA,ODNR-DW
DawA,ODA-SWC
DawA,EPA-OH
DawA,ODOT
OSU-E,DawA
OSU-E,OPHI
OSU-E,OFA
OSU-E,OSU-CFAES
OSU-E,OSU-SENR
CZA,DawA
CZA,Twild
CZA,ODNR-DW
CZA,CleM
CZA,OSU-SENR
CZA,USFWS
LickingSWCD,DawA
LickingSWCD,MORPC
OIPC,DawA
OIPC,OSU-CFAES
OIPC,ONLA
OIPC,ODNR-DNAP
OIPC,USFWS
OIPC,OSU-E
OIPC,ODNR-DW
OIPC,USFS
OIPC,Twild
OIPC,CleM
OIPC,GPHC
OIPC,CHP
OIPC,TNC-OH
OIPC,5RM
ONLA,DawA
ONLA,ODA-DPH
ODA-DPH,ONLA
ODA-DPH,OPDN
ODA-DPH,USFS
ODA-DPH,OSU-E
ODA-DPH,OSU-CFAES
OPDN,ODA-DPH
OPDN,OSU-PPDC
OSU-PPDC,OPDN
OSU-PPDC,ODA-DPH
OSU-PPDC,OSU-CFAES
ODA-DLEP,USDA-NRCS
MORPC,SCBus
MORPC,ODOT
MORPC,BPCbus
MORPC,GEO
COTA,SCBus
COTA,MORPC
COTA,ODOT
COTA,CFO
BPCbus,CC-OS
BPCbus,CC-PU
CC-PU,CC-OS
CC-PU,BPCbus
CC-RPD,CC-OS
CC-PH,OSU-SENR
LEEDCo,GEO
LEEDCo,USACE
Ylite,GEO
TSSolar,GEO
TSSolar,OSUN
SolE,GEO
SPL,GEO
RBIS,GEO
RBIS,GU-OH
OPS,GEO
ModE,GEO
EcoHS,GEO
DesE,GEO
TMIEn,GEO
TMIEn,MeCorp
MeCorp,GEO
ISPInc,GEO
ISPInc,GU-OH
GoSE,GEO
AEP,GEO
AEP,COTA
IGSSol,GEO
IGSSol,USGBC-OH
Twild,OIPC
Twild,CZA
CHP,OIPC
CHP,ODNR-DNAP
DRG,OIPC
SWF,OIPC
SWF,CFCMP
SWF,CMNH
SWF,GPD
SWF,CoKent-P&R
SWF,LMP
SWF,MoT
SWF,ODNR-DW
SWF,MVPD
SWF,OSU-W
SWF,OU-LPA
SWF,WRC
SWF,Twild
SWF,WRLC
SWF,TNC-OH
SWF,BSC
SWF,TPL
5RM,OIPC
5RM,COF
5RM,3VCT
CFCMP,OIPC
CFCMP,FoCMP
SFI,OFA
AFF,OFA
DukeE,GPGC
HockingSWCD,OFSWCD
HockingSWCD,ODA-SWC
HockingSWCD,ODNR-DW
HockingSWCD,USDA-NRCS
HockingSWCD,OSU-CFAES
WashingtonSWCD,OFSWCD
WashingtonSWCD,USDA-NRCS
USDA-MCH,USDA
USDA-MCH,USDA-NRCS
CMNH,SWF
GPD,SWF
CoKent-P&R,SWF
CoKent-P&R,CoKent
LMP,SWF
MoT,SWF
MoT,USFS
MoT,OEC
MoT,CMNH
MoT,BGSU-A&S
MoT,ODNR-DNAP
MoT,ODNR-DW
MoT,OIPC
MVPD,SWF
MVPD,USDA-NRCS
MVPD,ODOT
MVPD,OSU-E
MVPD,MuskSWCD
MVPD,ODNR-DW
MVPD,EECO
MVPD,R2TC
OSU-W,OSU-SENR
OSU-W,OSU-CFAES
OU-LPA,SWF
OU-LPA,OU-CE3
WRC,SWF
WRLC,SWF
WRLC,DRG
WRLC,CleM
WRLC,CoCLE
BSC,COLT
BSC,LTA
FoCMP,CFCMP
FoCMP,ESO
ESO,FoCMP
ESO,AOA
ESO,AFGL
ESO,BSC
ESO,BEN
ESO,BTA
ESO,CRWP
ESO,CFO
ESO,CMNH
ESO,CCVNP
ESO,DawA
ESO,EECO
ESO,FoACT
ESO,FoMM
ESO,FOLMSP
ESO,FoLOW
ESO,GEO
ESO,IWLOA
ESO,LENSC
ESO,LEW
ESO,O&EC
ESO,OEC
ESO,OBSan
ESO,RU
ESO,RA
ESO,SC-OH
ESO,ORF
ESO,OPRA
ESO,3VCT
ESO,WCC
ESO,Twild
ESO,Au-OH
BGSU-A&S,MoT
MuskSWCD,MVPD
MuskSWCD,OSU-E
MuskSWCD,ODNR-DF
MuskSWCD,FranklinSWCD
ClarkCPD,EECO
RichlandCPD,EECO
RichlandCPD,BSBO
CrawfordSWCD,OFSWCD
CrawfordSWCD,ODA-SWC
CrawfordCPD,EECO
CrawfordCPD,CrawfordSWCD
MADS,EECO
MADS,EPA-OH
MADS,FoLOW
EECO,MVPD
EECO,EPA-OH-OEE
EECO,FranklinSWCD
EECO,MoT
EECO,ClarkCPD
EECO,OSU-SENR
EECO,EPA-OH
EECO,NEORSD
EECO,LickingSWCD
EECO,ButlerSWCD
EECO,MADS
EECO,RichlandCPD
EECO,CrawfordCPD
EECO,ODNR-DW
COF,MVPD
COF,USDA
COF,ODA-SWC
COF,OSU-E
COF,COLT
COF,O&EC
COF,TPL
COLT,WRLC
COLT,COF
COLT,BSC
COLT,CLC
COLT,TPL
COLT,WCOLC
COLT,GMLC
COLT,CapC
COLT,FairfieldSWCD
COLT,R2TC
COLT,TLT
COLT,OEFFA
COLT,LTA
WCOLC,USDA-NRCS
WCOLC,LTA
WCOLC,COF
WCOLC,ODA-FSA
GMLC,TPL
GMLC,TNC-OH
GMLC,LTA
GMLC,EPA-OH
GMLC,ODNR
GMLC,COF
GMLC,WRLC
GMLC,HA
GMLC,GCBL
GMLC,CuyahogaSWCD
GMLC,CMNH
GMLC,CleM
GMLC,CRWP
CapC,BelmontSWCD
TLT,OBCI
TLT,COLT
TLT,USDA-NRCS
TLT,USDA
TLT,LTA
TLT,ODA-FSA
LTA,AOA
LTA,AthensC
LTA,BeavWA
LTA,BWGLT
LTA,WCOLC
LTA,3VCT
LTA,OCC
LTA,TLT
LTA,TNC-OH
LTA,TWC
LTA,LMC
LTA,WWildC
LTA,LLT
LTA,LCLT
LTA,CapC
LTA,GMLC
LTA,KillWLT
LTA,CLPres
LTA,PCC
LTA,FLPA
LTA,DukeE
WCPD,MVPD
WCPD,OCVN
FoWCPD,WCPD
FoWCPD,Au-OH
FoWCPD,LMC
FoWCPD,OCVN
OCVN,OSU-CFAES
OCVN,OSU-SENR
OCVN,MoT
OCVN,TWC
OCVN,CNC
OCVN,HA
OCVN,DawA
OCVN,PerrySWCD
OCVN,OSU-E
OCVN,SanduskyPD
OCVN,ODNR-DSPW
LMC,FoWCPD
AWRG,OU-LPA
AWRG,OU-CE3
OU-CE3,OU-LPA
OU-CE3,AEP
OU-CE3,AWRG
OU-OS,OU-CE3
OU-OS,AthensSWCD
AthensSWCD,OU-OS
AthensSWCD,ODA-SWC
AthensSWCD,USDA-NRCS
AthensSWCD,AthensC
RAP,CNC
RAP,GPHC
RAP,CCPD
RAP,GU-OH
RAP,USFWS
RAP,Au-OH
RAP,ODNR-DW
CCPD,RAP
CCPD,LMC
CCPD,Troot
MSDGC,CP
OSU-BPCRC,OSU-SCOO
OSU-BPCRC,USGS-OH
OSU-WRC,OSU-OEE
OSU-WRC,OWDA
OSU-WRC,USGS-OH
OSU-WRC,OSG
OSU-WRC,ODA-SWC
EDF,DOF
DOF,EDF
MTSO-SHF,OSU-InFACT
OSU-InFACT,RA
OSU-InFACT,MTSO-SHF
OSU-InFACT,NECIC
NECIC,OSU-InFACT
OSU-FIC,LM
OSU-FIC,ODH
OSU-FIC,OSU-E
OSU-FIC,OSU-OARDC
OSU-FIC,OSU-CFAES
OSU-FIC,ODA-FSA
LM,OSU-FIC
TranC,MORPC
NME,OEC
NME,GEO
PP,ODNR-DNAP
PP,MORPC
SL,EcoHS
SL,DesE
SL,BGH
BCC-Cbus,CC-OS
BGH,SL
FranklinSWCD,OSU-WF
FranklinSWCD,LTA
FranklinSWCD,USDA-NRCS
WP&R,CFCMP
WP&R,COTA
WP&R,MORPC
OSU-WF,OFSWCD
OSU-WF,OSU-CFAES
USGS-OWSC,OSU-WRC
USGS-OWSC,USDA-NRCS
USGS-OWSC,USFWS
USGS-OWSC,GLRI
USGS-OWSC,OWDA
USGS-OWSC,USACE
USGS-OWSC,MWCD
USGS-OWSC,NEORSD
USGS-OWSC,ODH
USGS-OWSC,ODOT
USGS-OWSC,EPA-OH
USGS-OWSC,ODNR
USGS-OWSC,LakeM
USGS-OWSC,MCD
USGS-OWSC,FEMA
USGS-OWSC,FranklinSWCD
USGS-OWSC,CleM
USGS-OWSC,CC-PU
USGS-OWSC,NPS-CVNP
USGS-OWSC,DukeE
USGS-OWSC,CuyCBH
USGS-OWSC,BGSU-A&S
USGS-OWSC,UoT
WMAO,OSU-WRC
WMAO,OSWA
WMAO,MWCD
WMAO,BSAEnvS
WMAO,OLMS
UCWR,OSU-WRC
UCWR,OSU-SENR
UCWR,Ucin
OWRC,OSU-WRC
OWRC,EPA-OH
OWRC,ODH
OWRC,ODA-SWC
OWRC,OWDA
OWRC,ODOT
OWRC,ODNR
OWRC,OPWC
OWRC,USDA-NRCS
OWRC,USACE
OWRC,OSU-E
OWRC,OSG
OWRC,ORSANCO
OWRC,OU-LPA
OWRC,USGS-OWSC
OWRC,OLEC
OWRC,EPA-OH-SW
OWRC,OEMA
NIWR,OSU-WRC
NIWR,USGS-OH
FoLOW,OSU-WRC
OPWC,COF
OPWC,OWRC
EPA-OH-SW,OWRC
EPA-OH-SW,ODNR
EPA-OH-SW,EPA-OH-DDGW
EPA-OH-SW,USEPA
EPA-OH-SW,EPA-OH
EPA-OH-SW,OWEA
EPA-OH-SW,ORSANCO
ORBA,OWRC
ORBA,ORSANCO
ORBA,USACE
ORBA,USEPA
ORBA,ORBFHP
ORBA,TNC-OH
ORBA,USGS-OH
OEMA,OWRC
OEMA,FEMA
OEMA,EPA-OH
OEMA,ODOT
OEMA,ODNR-DNAP
OEMA,ODNR
FEMA,OEMA
AthensC,AthensSWCD
AthensC,FoSRSP
AthensC,OIPC
AthensC,TNC-OH
AthensC,SC-OH
AthensC,TWS-OH
AthensC,TPL
AthensC,LTA
AthensC,COLT
AthensC,AOA
AthensC,HRC
AthensC,Twild
AthensC,FOLMSP
AthensC,TLT
AthensC,BSC
AthensC,WRLC
AthensC,TWC
AthensC,AAPS
AthensC,BTA
EPA-OH-OEE,EECO
EPA-OH-OEE,OSU-SENR
EPA-OH-OEE,EPA-OH
OSWA,FranklinSWCD
OSWA,ButlerSWD
OSWA,StrA
OSWA,OLMS
OSWA,WMAO
ButlerSWD,OSWA
ButlerSWD,ButlerSWCD
Esci,OSWA
StrA,OSWA
RSC,UCS
RSC,USGBC-OH
RSC,Gstock
RSC,WarrenSWCD
RSC,HamiltonSWCD
RSC,ButlerSWD
RSC,ClermontSWCD
RSC,MSDGC
OSU-OWN,OWDA
OSU-OWN,ODH
OSU-OWN,EPA-OH-DDGW
OSU-OWN,OSU-E
OSU-OWN,OSU-SENR
LakeM,USGS-OWSC
LakeM,LakeSWCD
LakeM,CRWP
LakeM,TPL
LakeM,WRLC
CuyCBH,USGS-OWSC
LCGHD,USGS-OWSC
LCGHD,LakeSMD
StarkSWCD,OFSWCD
UoT,USGS-OWSC
BSAEnvS,OLMS
OLMS,BSAEnvS
OLMS,WMAO
OFSWCD,ODA-SWC
OFSWCD,USDA-NRCS
OFSWCD,NACD
OFSWCD,OSWCC
OFSWCD,OPHI
OFSWCD,GLRI
NACD,OFSWCD
NACD,USFS
NACD,USDA-NRCS
NACD,MCCC
NACD,SHI
NACD,SWCS-OH
OSWCC,OFSWCD
OSWCC,ODA-SWC
OSWCC,EPA-OH
OSWCC,OSU-CFAES
OSWCC,ODNR
HWO,OFSWCD
HWO,OSU-CFAES
HWO,LoCV
HWO,TNC-OH
4RNS,OFSWCD
4RNS,TNC-OH
4RNS,CAPOH
4RNS,WLEBP
4RNS,SRWC
4RNS,ODA-SWC
4RNS,USDA
4RNS,EDF
4RNS,USDA-NRCS
4RNS,OSU-CFAES
4RNS,OSG
4RNS,ODNR
AOA,OFSWCD
AOA,ODNR-DF
AOA,OBCI
AOA,RA
AOA,HRC
AOA,TNC-OH
AOA,TPL
AOA,USDA-FSA
AOA,FoHR
AOA,Au-OH
AOA,BTA
AOA,CFCMP
AOA,USFWS
AOA,SCWG
AOA,ODNR-DW
AOA,COF
AdamsSWCD,OFSWCD
AllenSWCD,OFSWCD
AshlandSWCD,OFSWCD
AshlandSWCD,MWCD
AshlandSWCD,USFWS
AuglaizeSWCD,OLEC
BelmontSWCD,USACE
BrownSWCD,NOAA
BrownSWCD,USFWS
ButlerSWCD,EECO
ButlerSWCD,ButlerSWD
ButlerSWCD,OSWA
ButlerSWCD,MiamiU
ButlerSWCD,USFWS
CarrollSWCD,OFSWCD
CarrollSWCD,USDA-NRCS
CarrollSWCD,HarrisonSWCD
CarrollSWCD,MWCD
ChampaignSWCD,OFSWCD
ChampaignSWCD,USDA-NRCS
ChampaignSWCD,ODA-FSA
ChampaignSWCD,OSU-E
ChampaignSWCD,ODNR
ChampaignSWCD,USFWS
ClarkSWCD,OFSWCD
ClarkSWCD,USDA-NRCS
ClarkSWCD,ODA-FSA
ClermontSWCD,OFSWCD
ClermontSWCD,BrownSWCD
ClermontSWCD,ClintonSWCD
ClermontSWCD,HighlandSWCD
ClermontSWCD,USDA-NRCS
ClermontSWCD,EPA-OH
ClermontSWCD,EFWC
ClintonSWCD,OFSWCD
ColumbianaSWCD,OFSWCD
ColumbianaSWCD,ODNR-DF
ColumbianaSWCD,USDA-NRCS
CoshoctonSWCD,OFSWCD
CoshoctonSWCD,USDA-NRCS
CoshoctonSWCD,OSU-SENR
CoshoctonSWCD,USFS
CoshoctonSWCD,ODOT
CoshoctonSWCD,ODNR
DarkeSWCD,OFSWCD
DarkeSWCD,ODA-SWC
DefianceSWCD,OFSWCD
DefianceSWCD,UMWP
DefianceSWCD,ODA-SWC
ErieSWCD,OFSWCD
ErieSWCD,FOWC
ErieSWCD,ODA-SWC
ErieSWCD,ODNR-DW
ErieSWCD,BGSU-A&S
ErieSWCD,OWCR
ErieSWCD,CRWP
FayetteSWCD,OFSWCD
FayetteSWCD,USDA-NRCS
FultonSWCD,OFSWCD
FultonSWCD,USDA-NRCS
FultonSWCD,ODA-SWC
FultonSWCD,Esci
GalliaSWCD,OFSWCD
GalliaSWCD,ODA-SWC
GreeneSWCD,OFSWCD
GuernseySWCD,OFSWCD
GuernseySWCD,ODA-SWC
GuernseySWCD,OSU-E
HamiltonSWCD,OFSWCD
HamiltonSWCD,GU-OH
HamiltonSWCD,USDA-NRCS
HamiltonSWCD,ODA-FSA
HamiltonSWCD,OPHI
HamiltonSWCD,DukeE
HancockSWCD,OFSWCD
HancockSWCD,ODA-SWC
HancockSWCD,Esci
HancockSWCD,MADS
HancockSWCD,PF
HancockSWCD,USDA-NRCS
HancockSWCD,USDA-FSA
HardinSWCD,OFSWCD
HardinSWCD,USDA-NRCS
HardinSWCD,POR
HarrisonSWCD,OFSWCD
HarrisonSWCD,CarrollSWCD
HarrisonSWCD,MWCD
HarrisonSWCD,USDA-NRCS
HarrisonSWCD,USDA-FSA
HarrisonSWCD,OSU-E
HarrisonSWCD,ODA-FSA
HarrisonSWCD,ODNR
HarrisonSWCD,ODA-SWC
HenrySWCD,OFSWCD
HenrySWCD,USDA-NRCS
HighlandSWCD,OFSWCD
HighlandSWCD,USDA-NRCS
HighlandSWCD,PF
HolmesSWCD,OFSWCD
HolmesSWCD,ODA-SWC
HolmesSWCD,USDA-NRCS
HolmesSWCD,OPHI
HolmesSWCD,MWCD
HuronSWCD,OFSWCD
HuronSWCD,Esci
HuronSWCD,MADS
JeffersonSWCD,OFSWCD
JeffersonSWCD,USDA-NRCS
JeffersonSWCD,OU-LPA
JeffersonSWCD,BelmontSWCD
JeffersonSWCD,HarrisonSWCD
JeffersonSWCD,USDA-FSA
JeffersonSWCD,OSU-CFAES
JeffersonSWCD,ODNR-DF
JeffersonSWCD,ODNR-DW
JeffersonSWCD,TuscarawasSWCD
JeffersonSWCD,CarrollSWCD
KnoxSWCD,OFSWCD
KnoxSWCD,ODNR-DW
LawrenceSWCD,OFSWCD
LawrenceSWCD,USDA-NRCS
LoganSWCD,OFSWCD
LoganSWCD,ODA-SWC
LoganSWCD,USDA-NRCS
LoganSWCD,PF
LoganSWCD,USFWS
LoganSWCD,OSU-E
LoganSWCD,EPA-OH
LoganSWCD,ODA-FSA
LorainSWCD,OFSWCD
LorainSWCD,ODNR
LorainSWCD,OSU-E
LorainSWCD,USDA-NRCS
LucasSWCD,OFSWCD
LucasSWCD,USDA-FSA
LucasSWCD,USDA-NRCS
LucasSWCD,LucasCSC
LucasSWCD,GLRI
LucasSWCD,EPA-OH
LucasSWCD,ODA-SWC
MadisonSWCD,OFSWCD
MadisonSWCD,USDA-NRCS
MahoningSWCD,OFSWCD
MahoningSWCD,ODNR
MahoningSWCD,OSU-E
MahoningSWCD,USDA-NRCS
MedinaSWCD,OFSWCD
MeigsSWCD,OFSWCD
MeigsSWCD,USFWS
MeigsSWCD,USDA-NRCS
MeigsSWCD,USDA-FSA
MeigsSWCD,ODNR
MercerSWCD,OFSWCD
MercerSWCD,USDA-NRCS
MiamiSWCD,OFSWCD
MiamiSWCD,USDA-NRCS
MiamiSWCD,OSU-E
MiamiSWCD,TuscarawasSWCD
MiamiSWCD,ODA-SWC
MiamiSWCD,PF
MonroeSWCD,OFSWCD
MonroeSWCD,OSU-E
MonroeSWCD,USDA-NRCS
MonroeSWCD,ODNR-DW
MonroeSWCD,ODNR-DF
MonroeSWCD,ODA-FSA
MonroeSWCD,PF
MonroeSWCD,DU-OH
MonroeSWCD,USEPA
MonroeSWCD,EPA-OH
MonroeSWCD,OFA
MontgomerySWCD,OFSWCD
MontgomerySWCD,AA
MontgomerySWCD,BeavWA
MontgomerySWCD,MCD
MontgomerySWCD,USDA-NRCS
MontgomerySWCD,PF
MontgomerySWCD,EPA-OH
MontgomerySWCD,ODA-SWC
MontgomerySWCD,OSU-E
MontgomerySWCD,5RM
MorganSWCD,OFSWCD
MorrowSWCD,OFSWCD
MorrowSWCD,USDA-NRCS
NobleSWCD,OFSWCD
NobleSWCD,USDA-NRCS
NobleSWCD,ODNR-DW
NobleSWCD,OFA
NobleSWCD,ODA-SWC
OttawaSWCD,OFSWCD
OttawaSWCD,USDA-NRCS
OttawaSWCD,TMACOG
OttawaSWCD,PF
OttawaSWCD,USDA-FSA
PauldingSWCD,OFSWCD
PerrySWCD,OFSWCD
PerrySWCD,USDA-NRCS
PerrySWCD,OSU-E
PickawaySWCD,OFSWCD
PickawaySWCD,USDA-NRCS
PikeSWCD,OFSWCD
PikeSWCD,USDA-FSA
PikeSWCD,ODNR-DW
PikeSWCD,ODNR-DF
PrebleSWCD,OFSWCD
PrebleSWCD,MontgomerySWCD
PrebleSWCD,USDA-NRCS
PutnamSWCD,OFSWCD
RossSWCD,OFSWCD
RossSWCD,PF
SanduskySWCD,OFSWCD
SanduskySWCD,USDA-NRCS
SanduskySWCD,OPHI
SciotoSWCD,OFSWCD
SciotoSWCD,ODNR-DW
SciotoSWCD,OPHI
SciotoSWCD,USDA-NRCS
SciotoSWCD,USDA-FSA
SenecaCD,OFSWCD
ShelbySWCD,OFSWCD
ShelbySWCD,USDA-NRCS
ShelbySWCD,DaftEC
TuscarawasSWCD,OFSWCD
TuscarawasSWCD,USDA-NRCS
TuscarawasSWCD,EPA-OH
TuscarawasSWCD,ODNR
UnionSWCD,OFSWCD
UnionSWCD,USDA-NRCS
UnionSWCD,PF
UnionSWCD,ODNR-DW
UnionSWCD,DU-OH
UnionSWCD,ODNR-DF
VanWertSWCD,OFSWCD
VanWertSWCD,ODA-FSA
VanWertSWCD,USDA-NRCS
VintonSWCD,OFSWCD
WarrenSWCD,OFSWCD
WarrenSWCD,ODA-FSA
WarrenSWCD,USDA-NRCS
WayneSWCD,OFSWCD
WayneSWCD,USDA-NRCS
WilliamsSWCD,OFSWCD
WoodSWCD,OFSWCD
WoodSWCD,USDA-NRCS
WoodSWCD,USDA-FSA
WoodSWCD,ODA-FSA
WoodSWCD,OSU-E
WyandotSWCD,OFSWCD
WyandotSWCD,USDA-NRCS
WyandotSWCD,OSU-E
USDA-FSA,USDA-NRCS
USDA-FSA,ODA-FSA
USDA-FSA,ORWA
ODA-FSA,USDA-FSA
ORWA,USDA-FSA
MiamiU,ButlerSWCD
ClermontWRD,ClermontSWCD
EFWC,OSU-OWN
EFWC,ClermontSWCD
EFWC,BrownSWCD
EFWC,HighlandSWCD
EFWC,ClintonSWCD
EFWC,VVF
VVF,EFWC
VVF,ClermontSWCD
OLC,ODA-SWC
OLC,OSU-E
OLC,OLEAP
UMWP,DefianceSWCD
UMWP,PauldingSWCD
UMWP,L2L
L2L,GLRI
L2L,EPA-OH
WLEBP,OSG
WLEBP,ODNR-DW
WLEBP,ODNR-OCM
WLEBP,GreatLC
WLEBP,OLEC
WLEBP,UT-LEC
WLEBP,USDA-NRCS
WLEBP,OFSWCD
WLEBP,ODA-SWC
WLEBP,USFWS
WLEBP,USGS-OH
WLEBP,USACE
WLEBP,USEPA
WLEBP,EPA-OH
WLEBP,ODH
WLEBP,ODA-SWC
WLEBP,OEC
WLEBP,TNC-OH
WLEBP,PF
WLEBP,PCS
WLEBP,LEW
WLEBP,BRWP
WLEBP,EDF
LEW,ESO
LEW,HOWGLC
LEW,GCBL
LEW,UT-LEC
LEW,PCS
LEW,BSC
LEW,SC-OH
LEW,OCA
LEW,ODNR
LEW,OEC
LEW,EPA-OH
LEW,OSG
LEW,OLEC
LEW,NRDC
LEW,USEPA
LEW,NOAA-GLERL
LEW,USGS-GLSC
TLCRGI,MoT
TLCRGI,TMACOG
TLCRGI,TZA
TLCRGI,ODNR
TLCRGI,OSU-E
TLCRGI,LucasSWCD
TLCRGI,Ariv-GL
TLCRGI,USDA-NRCS
CRWP,OWCR
CRWP,ErieSWCD
CRWP,ODNR-DW
CRWP,ODA-SWC
CRWP,CoS
CRWP,CleM
CRWP,CuyahogaSWCD
CRWP,LakeSWCD
CRWP,GeaugaSWCD
CRWP,PortageSWCD
CRWP,ODA-SWC
CRWP,USDA-NRCS
CRWP,CLEBC
CRWP,GLRI
CRWP,LakeSMD
CRWP,EPA-OH
CRWP,WRLC
CRWP,StrA
CRWP,HA
CRWP,DRG
CRWP,MSG
CRWP,OSP
CRWP,PPD
CRWP,Penv
TCWP,DRG
TCWP,Esci
TCWP,EDG
CLEBC,BCC
CLEBC,CRWP
CLEBC,CRR
CLEBC,DBWP
CLEBC,FoEC
CLEBC,RRWC
CLEBC,TCWP
CLEBC,WCC
CLEBC,FoYC
CLEBC,NEORSD
CLEBC,CleF
CLEBC,LakeSWCD
CLEBC,TNC-OH
BioH,LakeSMD
BioH,CleM
BioH,CuyCBH
BioH,CuyahogaSWCD
BioH,CCPC
BioH,NEORSD
BioH,CRWP
BioH,TCWP
BioH,MCWP
BioH,GPD
BioH,USACE
BioH,WCC
BioH,COAPS
BioH,CoSan
BioH,CoCLE
BioH,CoKent
CCPC,CuyCBH
CCPC,CleM
CCPC,NEORSD
CCPC,NOACA
CCPC,R2TC
CCPC,NPS-CVNP
CCPC,TPL
CCPC,GCRTA
CCPC,CC-DS
MCWP,WCC
MCWP,CoCLE
WCC,DLDT
WCC,BCC
WCC,CRWP
WCC,CoCLE
WCC,CleF
WCC,CleM
WCC,CMNH
WCC,CuyCBH
WCC,CuyahogaSWCD
WCC,CCPC
WCC,NPS-CVNP
WCC,DBWP
WCC,FoEC
WCC,GCBL
WCC,GreatLC
WCC,NEORSD
WCC,TNC-OH
WCC,NOACA
WCC,ODNR
WCC,O&EC
WCC,EPA-OH
WCC,OSU-E
WCC,RRWC
WCC,USEPA
WCC,TPL
WCC,OPWC
WCC,TCWP
WCC,NFWF
WCC,MCWP
WCC,OLEC
WCC,LANDS
NEOSCC,CoCLE
NEOSCC,CleM
NEOSCC,COAPS
NEOSCC,CMNH
PPD,LEAP
PPD,WRLC
PPD,TPL
PPD,SP
PPD,PortageSWCD
PPD,OIPC
PPD,SummitMP
PPD,ODNR
PPD,GPD
PPD,MedinaPD
PPD,SC-OH
PPD,FOTCR
PPD,CMNH
SummitMP,LEAP
SummitMP,LakeM
SummitMP,GPD
SummitMP,FOTCR
SummitMP,NPS-CVNP
SummitMP,CLPA
SummitMP,SP
SummitMP,TPL
SummitMP,SC-OH
SummitMP,OIPC
SummitMP,O&EC
SummitMP,LMP
SummitMP,MedinaPD
SummitMP,AGC
SummitMP,NV
MedinaPD,CleM
MedinaPD,GPD
MedinaPD,SummitMP
MedinaPD,LakeM
MedinaPD,LMP
MedinaPD,SanduskyPD
MedinaPD,WoodPD
MedinaPD,RRWC
HamiltonSWD,HamiltonSWCD
HamiltonSWD,HamiltonPH
HamiltonPH,HamiltonSWD
POR,PF
FOAC,LakeM
FOAC,TNC-OH
FOAC,LakeSWCD
LucasCSC,LucasSWCD
DU-OH,ODNR-DW
DU-OH,NOAA
DU-OH,USFWS
DU-OH,WRLC
DU-OH,MoT
DU-OH,CMNH
DU-OH,OttawaSWCD
DU-OH,Etran
DU-OH,GLRI
DU-OH,TNC-OH
BeavWA,DayAS
BeavWA,ODNR-DW
BeavWA,TNC-OH
BeavWA,WSU-BS
BeavWA,DayF
BeavWA,BWGLT
TMACOG,MoT
TMACOG,MSG
TMACOG,PCS
TMACOG,BSBO
TMACOG,BSC
TMACOG,Ariv-GL
TMACOG,UoT
TMACOG,BGSU-A&S
PCS,USFWS
PCS,UoT
PCS,USEPA
PCS,TMACOG
PCS,LucasSWCD
PCS,EPA-OH
PCS,USACE
PCS,NOAA
PCS,TZA
TZA,BGSU-A&S
TZA,ODNR-DW
TZA,MoT
TZA,OHPart
TZA,TNC-OH
TZA,USFWS
TZA,USGS-OH
TZA,EPA-OH
NEOPIPE,WRLC
NEOPIPE,PortageSWCD
NEOPIPE,AshtabulaSWCD
NEOPIPE,CuyahogaSWCD
NEOPIPE,GeaugaSWCD
NEOPIPE,LakeSWCD
NEOPIPE,LorainSWCD
NEOPIPE,MedinaSWCD
NEOPIPE,StarkSWCD
NEOPIPE,SummitSWCD
NEOPIPE,ErieSWCD
NEOPIPE,CRWP
NEOPIPE,CuyCBH
NEOPIPE,LorainSMD
NEOPIPE,DBWP
NEOPIPE,TCWP
NEOPIPE,USEPA
NEOPIPE,NEORSD
NEOPIPE,NOACA
LorainSMD,USACE
DBWP,NEORSD
DBWP,CoCLE
DBWP,BRF
DBWP,CMNH
FoLL,DBWP
OHPart,ODNR-DW
OHPart,USFWS
OHPart,TZA
OHPart,Twild
OHPart,CZA
OHPart,AZ
OHPart,EPA-OH
DayAS,BeavWA
DayAS,BWGLT
DayAS,BSBO
DayAS,BNC
DayAS,AA
DayAS,5RM
WSU-BS,BeavWA
DayF,MCD
DayF,BWGLT
DayF,DayPFE
DayPFE,DayF
DayPFE,5RM
DayPFE,MCD
DayPFE,AA
DayPFE,BWGLT
DayPFE,UD-RI
DayPFE,MVRPC
DayPFE,BNC
DayPFE,WarrenSWCD
DayPFE,3VCT
BWGLT,DayPFE
UD-RI,UD-HanSI
UD-HanSI,UD-RI
UD-HanSI,DayPFE
UD-HanSI,5RM
MVRPC,CFO
3VCT,USDA
3VCT,ODA-SWC
3VCT,GPHC
3VCT,USFWS
3VCT,EPA-OH
3VCT,MoBC
MoBC,HPC
MoBC,OSU-CFAES
MoBC,3VCT
MoBC,MCD
MoBC,COF
MoBC,ODNR-DW
MoBC,NPS
MoBC,TPL
MoBC,MiamiU
HPC,MoBC
Etran,DU-OH
CLPA,O&EC
CLPA,SummitMP
CAPOH,HenrySWCD
CAPOH,FultonSWCD
CAPOH,WoodSWCD
CAPOH,DefianceSWCD
CAPOH,LucasSWCD
CAPOH,PauldingSWCD
SRWC,USDA-NRCS
SRWC,OSU-E
NAEW,USDA
NAEW,NCWQR
NCWQR,USDA-NRCS
NCWQR,TNC-OH
NCWQR,SRWC
NCWQR,SanduskySWCD
NCWQR,SenecaCD
NCWQR,WyandotSWCD
NCWQR,CrawfordSWCD
NCWQR,NOAA
NCWQR,GLOS
NCWQR,Ltech
NCWQR,USGS-OH
GLOS,NOAA
GLOS,Ltech
GLOS,OSG
GLOS,CWA
GLOS,USGS-OWSC
Ltech,GLOS
Ltech,NCWQR
CWA,NEORSD
CWA,Ltech
CWA,GLOS
CWA,CoCLE
CWA,CoSan
CWA,OSG
CWA,ODNR
CWA,ONLA
CWA,CleM
CWA,NOAA
CWA,BioH
CWA,CleF
CWA,SCLE
CleF,CWA
GLB,RossE
GLB,CleF
GLB,EPA-OH
GLB,CleM
GLB,CWA
GLB,BioH
GLB,ODNR
GLB,CMNH
GLB,CCVNP
GLCCo,USGBC-OH
ECWC,CuyahogaSWCD
ECWC,NOACA
FoEC,CuyahogaSWCD
FoEC,ECWC
GreatLC,USDA-NRCS
GreatLC,GLRI
GreatLC,USGS-OWSC
GreatLC,USFWS
NFWF,NOAA
NFWF,USFWS
NFWF,USACE
NFWF,USEPA
NFWF,USGS-OH
NFWF,USDA-NRCS
NFWF,USFS
LANDS,WCC
LANDS,TPL
LANDS,CleM
LANDS,CleF
LANDS,NEORSD
LANDS,HA
LANDS,NOACA
LANDS,CoCLE
Troot,CCPD
Troot,ClermontSWCD
Troot,GPGC
Troot,TNC-OH
Troot,CNC
Troot,GPHC
Troot,DRG
Troot,GU-OH
OSU-SCOO,OSU-E
OSU-SCOO,OSU-CFAES
OSU-SCOO,OSU-OARDC
OSU-SCOO,OEMA
OSU-SCOO,MRCC
MRCC,NOAA
MRCC,USDA-NRCS
MRCC,NOAA-GLERL
MRCC,OSG
MRCC,USGS-OH
MRCC,USFWS
MRCC,USDA
MRCC,USACE
MRCC,TNC-OH
OWA,MADS
OWA,OSU-SENR
OWA,MSG
OWA,Twild
OWA,TWC
OWA,ODNR
OWA,ONAPA
OWA,OEC
OWA,TNC-OH
OWA,PP
ONAPA,SC-OH
ONAPA,BSBO
ONAPA,CuyahogaSWCD
ONAPA,DawA
ONAPA,OEC
ONAPA,HA
ONAPA,AGC
ONAPA,FOWC
ONAPA,SEC
ONAPA,OWA
ONAPA,TLT
ONAPA,TNA
ONAPA,KentEC
ONAPA,CrawfordCPD
ONAPA,KillWLT
ONAPA,RichlandCPD
NPSNO,OIPC
NPSNO,WRLC
NPSNO,LEAP
NPSNO,ONAPA
NPSNO,TWC
NPSNO,OWA
SEC,ODNR-DW
SEC,CZA
SEC,ColF
KentEC,USGBC-OH
KentEC,WRLC
KentEC,TNC-OH
KentEC,SC-OH
KentEC,PortageSWCD
KentEC,PPD
KentEC,OWA
KentEC,OEC
KentEC,ODNR
KentEC,PSC
KentEC,NRDC
KentEC,KSU-OS
KillWLT,ODA-SWC
KillWLT,OSU-CFAES
KillWLT,TWC
KillWLT,WRLC
KillWLT,CS
ColF,SCEC
ColF,BLT
ColF,FoHHSP
ColF,ESO
ColF,EECO
ColF,SusDel
ColF,AOA
ColF,OEC
ColF,ONAPA
ColF,FoACT
ColF,AAPS
ColF,GCBUS
ColF,DawA
ColF,ORF
ColF,CFO
ColF,OPRA
ColF,OHInterPL
ColF,GEO
ColF,BTA
ColF,TNC-OH
ColF,FoTR
ColF,OWC
ColF,PP
ColF,Twild
ColF,OEFFA
ColF,CZA
ColF,SL
ColF,FoLOW
ColF,R2TC
ColF,AAO
ColF,OFSWCD
BLT,ODNR
BLT,LickingSWCD
BLT,FairfieldSWCD
BLT,ODNR-DW
BLT,PerrySWCD
FoACT,ESO
FoACT,MADS
FoACT,MORPC
FoACT,FranklinSWCD
FoACT,CFCMP
ORF,MCD
ORF,USEPA
ORF,USFWS
ORF,NFWF
ORF,NFF
ORF,ORBFHP
ORF,USACE
FoTR,ColF
AAO,ELPC
AAO,OEC
AAO,TranC
AAO,TMACOG
AAO,OHERN
OHERN,OEC
OHERN,ODOT
OHERN,AAO
NFF,USFS
ORBFHP,ORF
ORBFHP,TNC-OH
ORBFHP,USFWS
ORBFHP,USACE
ORBFHP,USGS-OH
ORBFHP,USFS
ORBFHP,USEPA
ORBFHP,ORSANCO
NFHP,ORBFHP
GLBFHP,NFHP
OSU-CWC,OSU-CC
OSU-CWC,OSU-CFAES
OSU-CWC,OSU-BPCRC
OSU-CWC,OSU-OARDC
ACFAN,OVEC
ACFAN,Ariv-GL
ACFAN,LickCCCPHE
ACFAN,OEFFA
ACFAN,BEN
KWW,OVEC
FTAll,OVEC
CHEJ,OVEC
CHEJ,OEC
CHEJ,OCA
CHEJ,KentEC
CHEJ,LickCCCPHE
CHEJ,FCTFA
CHEJ,FFO
CHEJ,FTAll
CHEJ,BeavWA
CHEJ,ACFAN
CHEJ,ACWW
CHEJ,SC-OH
CHEJ,Ariv-GL
CHEJ,PSW
CHEJ,ELPC
CHEJ,GC
CHEJ,UCS
CHEJ,NRDC
CHEJ,EarthJ
CHEJ,Eworks
CHEJ,BGA
CHEJ,CoshECA
CHEJ,FFMaho
CoshECA,CHEJ
LickCCCPHE,CHEJ
FCTFA,CHEJ
FFO,CHEJ
ACWW,CHEJ
Ariv-GL,CHEJ
PSW,CHEJ
Eworks,CHEJ
FFMaho,CHEJ
FFMaho,Ariv-GL
FFMaho,ACFAN
BEN,OVEC
BEN,ACFAN
HOWGLC,NPCA
HOWGLC,OCF
HOWGLC,NWF
OBCI,AZ
OBCI,AEP
OBCI,BWGLT
OBCI,BSBO
OBCI,BSC
OBCI,BNC
OBCI,CNC
OBCI,KC-BFEC
OBCI,CleM
OBCI,CMNH
OBCI,CZA
OBCI,CHP
OBCI,CC-RPD
OBCI,DawA
OBCI,DU-OH
OBCI,ErieM
OBCI,CFCMP
OBCI,FoLOW
OBCI,FoSR
OBCI,GPD
OBCI,GRI
OBCI,HA
OBCI,ILWP
OBCI,HC-BFS
OBCI,IWLOA
OBCI,LEIC
OBCI,LENSC
OBCI,LMC
OBCI,LOUA
OBCI,MedinaPD
OBCI,MoT
OBCI,TNC-OH
OBCI,MLNP
OBCI,MNPS
OBCI,NWTF-OH
OBCI,OBS
OBCI,OBSan
OBCI,ODNR-DF
OBCI,ODNR-DNAP
OBCI,ODNR-DSPW
OBCI,ODNR-DW
OBCI,OSU-SENR
OBCI,OOrnS
OBCI,OWA
OBCI,OWMA
OBCI,PF
OBCI,PP
OBCI,QF
OBCI,RGS
OBCI,SP
OBCI,TLT
OBCI,TNA
OBCI,USACE
OBCI,USFS
OBCI,USDA-NRCS
OBCI,USEPA
OBCI,USFWS
OBCI,USFWS-OFO
OBCI,TWC
OBCI,Twild
OBCI,TWS-OH
OBCI,OLO
OBCI,Au-OH
OBCI,LoOS
OBCI,PPD
LLT,OSU-E
LLT,LTA
LLT,COLT
LLT,LickingSWCD
OCF,HOWGLC
OCF,PF
OCF,RGS
OCF,DU-OH
OCF,ODNR-DW
OCF,NWF
NWF,OCF
GRI,TNC-OH
GRI,MoT
GRI,BSC
GRI,OORC
GRI,ODNR
GRI,ODNR-DNAP
GRI,ODNR-DF
GRI,TZA
GRI,USFWS
GRI,OSU-E
GRI,OBCI
GRI,OPA
GRI,BSBO
GRI,OPHI
GRI,NFWF
ILWP,AuglaizeSWCD
ILWP,HardinSWCD
ILWP,LoganSWCD
HC-BFS,LEAP
LEIC,BSC
NWTF-OH,USFS
NWTF-OH,USDA-NRCS
NWTF-OH,DukeE
NWTF-OH,ODNR-DW
OBS,OHPARC
OBS,OBCI
OBSan,OBCI
OOrnS,OBCI
QF,PF
QF,OBCI
USFWS-OFO,OBCI
USFWS-OFO,OPHI
USFWS-OFO,USACE
USFWS-OFO,USFWS
USFWS-OFO,USDA-NRCS
USFWS-OFO,USEPA
USFWS-OFO,USFS
USFWS-OFO,ODA-SWC
USFWS-OFO,ODH
USFWS-OFO,ODNR
USFWS-OFO,EPA-OH
USFWS-OFO,OFSWCD
USFWS-OFO,ODOT
USFWS-OFO,Ariv-GL
USFWS-OFO,IWLOA
USFWS-OFO,PF
USFWS-OFO,TNC-OH
USFWS-OFO,BeavWA
USFWS-OFO,BSC
USFWS-OFO,FoMM
USFWS-OFO,OWA
USFWS-OFO,OSU-W
USFWS-OFO,OBS
USFWS-OFO,FoLOW
USFWS-OFO,RU
USFWS-OFO,WRLC
USFWS-OFO,OLEC
USFWS-OFO,OSU-OWN
USFWS-OFO,SRWC
USFWS-OFO,OWC
USFWS-OFO,BSBO
USFWS-OFO,Au-OH
USFWS-OFO,OBlueS
USFWS-OFO,TZA
USFWS-OFO,BttW
USFWS-OFO,CZA
USFWS-OFO,Twild
USFWS-OFO,OIPC
USFWS-OFO,IFCWMA
USFWS-OFO,DU-OH
TWS-OH,OBCI
LoOS,ODNR-DW
MEEC,UD-HanSI
MEEC,DarkeSWCD
MEEC,MiamiSWCD
MEEC,MontgomerySWCD
MEEC,5RM
MEEC,BeavWA
MEEC,DayF
OBlueS,OOrnS
OBlueS,ODNR-DW
OBlueS,OBCI
FoMM,ESO
FoMM,ODNR-DW
RU,HamiltonSWCD
RU,BCST
RU,GPHC
RU,GU-OH
RU,HamiltonSWD
RU,UC-CFS
OWC,CZA
OWC,OSU-CFAES
IFCWMA,USFS
IFCWMA,OIPC
IFCWMA,USFWS
IFCWMA,ODNR-DW
IFCWMA,ODNR-DNAP
IFCWMA,ODNR-DF
IFCWMA,OFA
IFCWMA,SOFA
BCST,MU-IES
BCST,ButlerSWD
BCST,ButlerSWCD
UC-CFS,GPHC
UC-CFS,Ucin
SOFA,USFS
SOFA,OSU-E
SOFA,ODNR-DW
SOFA,ODNR-DF
SOFA,ODNR
SOFA,OFA
SOFA,OSAF
SOFA,SEOWIG
SOFA,OOrnS
SEOWIG,OSU-CFAES
SEOWIG,ODNR-DF
MU-IES,MU-S
MU-IES,MU-CAWS
MU-IES,BCST
MU-IES,MU-IF
CRR,GPD
CRR,PPD
CRR,SummitMP
CRR,CleM
CRR,NPS-CVNP
CRR,NOACA
CRR,NEFCO
CRR,CCPC
CRR,SummitCPH
CRR,CuyCBH
CRR,NEORSD
CRR,Cle-DWPC
CRR,PortageSWCD
CRR,GeaugaSWCD
CRR,SummitSWCD
CRR,CuyahogaSWCD
CRR,GreatLC
CRR,USACE
CRR,USFWS
CRR,USFS
CRR,USEPA
CRR,ODNR-DW
CRR,ODNR-DF
CRR,ODNR-OCM
CRR,EPA-OH-SW
CRR,LEAP
CRR,CMNH
CRR,CWA
CRR,GCBL
CRR,PoCle
CRR,MCWP
CRR,BCC
CRR,DBWP
CRR,TCWP
CRR,WCC
CRR,FoEC
CRR,FOTCR
CRR,FoYC
CRR,Esci
CRR,DRG
CRR,BioH
CRR,EDG
FoYC,LorainSWCD
FoYC,LakeSWCD
FoYC,SummitSWCD
FoYC,PortageSWCD
FoYC,GeaugaSWCD
FoYC,MedinaSWCD
FoYC,CuyahogaSWCD
CC-DS,CDPH
CC-DS,CCle-OS
CC-DS,EHW
CC-DS,CuyCBH
CC-DS,NOACA
CC-DS,UHRBCH
CC-DS,OSU-E
CC-DS,MORPC
CC-DS,CCPC
CC-DS,LEAP
CC-DS,CuyahogaSWCD
CC-DS,ODNR-DF
CC-DS,HA
CC-DS,WRLC
CC-DS,WCC
CC-DS,CRWP
CC-DS,CRR
CC-DS,CWA
OLEAP,OLC
OLEAP,OSU-E
OLEAP,ODNR
OLEAP,EPA-OH
OLEAP,OFSWCD
OLEAP,USDA-NRCS
OLEAP,ODA-SWC
CCle-OS,SCLE
CCle-OS,USGBC-OH
CCle-OS,NEOSCC
CCle-OS,LEAP
CCle-OS,GEO
CCle-OS,GCBL
CCle-OS,GLRI
UT-LEC,GLOS
ORC,AllenSWCD
ORC,EPA-OH
ORC,GreatLC
ORC,ODA-SWC
ORC,HardinSWCD
BRWP,USEPA
BRWP,EPA-OH
BRWP,USDA
BRWP,OFSWCD
BRWP,PutnamSWCD
BRWP,HancockSWCD
USGS-GLSC,USEPA
MCCC,USDA-NRCS
MCCC,NWF
MCCC,OSU-E
SHI,SWCS-OH
SHI,TNC-OH
SHI,NACD
SHI,USDA-NRCS
AWARE,MahoningSWCD
AWARE,EPA-OH
AWARE,AquaO
AWARE,ERCG
AWARE,Au-OH
AWARE,MCMP
AquaO,EPA-OH
ERCG,ODOT
ERCG,AWARE
ClinS,CCGA
CCGA,ClinS
CCGA,WTC
CCGA,CCOL
DCA,EPA-OH
FoGM,RU
MCA,EPA-OH
MCA,DukeE
MCA,USEPA
MCA,NFWF
MCA,MSDGC
MCA,ButlerSWD
HCWA,MiamiSWCD
LBCWSRAC,ColumbianaSWCD
LBCWSRAC,WRLC
MAAC,PCS
MAAC,EPA-OH
MAAC,USEPA
MAAC,TNC-OH
MAAC,BSC
MAAC,UoT
MAAC,MSG
MAAC,DRG
MAAC,WoodSWCD
MAAC,LucasSWCD
MAAC,MoT
MAAC,TMACOG
MGMWA,MCD
MGMWA,MiamiSWCD
MGMWA,OSU-E
MCRP,RA
MCRP,ODNR
MCRP,EPA-OH
MCRP,USFS
MCRP,AEP
MCRP,BHRCD
MCRP,AthensSWCD
MCRP,HockingSWCD
MCRP,PerrySWCD
MCRP,HRC
MCRP,ODNR-DW
MCRP,AWRG
MCRP,SCWG
MCRP,USEPA
MCRP,USDA-NRCS
MCRP,USACE
MCRP,USFS-WNF
MCRP,USGS-OH
LCoFC,MCRP
LCoFC,USFS-WNF
LCoFC,SCWG
USFS-WNF,USFS
USFS-WNF,MCRP
USFS-WNF,NWTF-OH
USFS-WNF,AOWCP
MRWSK,RA
NCWP,NEFCO
OCC,KnoxSWCD
POWA,TrumbullSWCD
RCP,OU-LPA
RCP,ODNR-DW
RCP,USFS
RCP,EPA-OH
RCP,HockingSWCD
RCP,AthensSWCD
RCP,MeigsSWCD
RCP,JSWCD
RCP,VintonSWCD
RCP,GalliaSWCD
RCP,USDA-NRCS
RCP,OSU-E
SCWG,RA
SCWG,HRC
SCWG,AEP
SCWG,BHRCD
SCWG,ODNR
SCWG,ODA-SWC
SCWG,ODNR-DW
SCWG,AWRG
SCWG,PerrySWCD
SCWG,AthensSWCD
SCWG,MorganSWCD
SCWG,USDA-NRCS
SCWG,USEPA
SCWG,USACE
SCWG,USFS-WNF
SCWG,USGS-OH
ALA-OH,MCAF-OH
BPO,EHW
BPO,ODA-SWC
KCB,GU-OH
ShomO,GU-OH
FQ,OEC
FQ,ODNR-DNAP
FQ,OOrnS
FQ,OWA
FQ,TPL
FQ,MNPS
FQ,ODNR-DW
FQ,NCOLC
FQ,MADS
FQ,CMNH
FQ,ONAPA
FQ,TNC-OH
FPOSPA,OEC
GLSMLIA,OEC
GoGLSM,OEC
WWildC,GPHC
OWEA,EPA-OH
FoSRSP,AthensC
FoSRSP,OU-DEPB
FoSRSP,ODNR-DSPW
LCLT,USDA-NRCS
LCLT,ODA-FSA
LCLT,COLT
LCLT,LoganSWCD
LCLT,TLT
FLPA,FairfieldSWCD
FLPA,AOA
FLPA,LTA
SEEDO,CFO
SEEDO,CRR
SEEDO,ORF
SEEDO,OEFFA
SEEDO,WRLC
HillT,CLC
HillT,CP
HillT,GPHC
HillT,GU-OH
HillT,WWildC
HillT,IEC
IEC,GU-OH
CACAC,CRR
CACAC,EPA-OH
CACAC,CRWP
CACAC,CleM
CACAC,NEORSD
CACAC,OSG
CACAC,CCPC
CACAC,WCC
CACAC,CuyCBH
CACAC,DRG
CACAC,TCWP
CACAC,BioH
CACAC,NOACA
CACAC,CCle-OS
CACAC,CWA
CACAC,SummitMP
CACAC,USFWS
CACAC,ODNR-DW
CACAC,USACE
CACAC,NPS-CVNP
ONTC,OSU-E
ONTC,SenecaCD
ONTC,USDA
ONTC,ODNR
ONTC,OFSWCD
OFB,ODNR
OFB,USDA-NRCS
OFB,OSU-CFAES
CSU,CoCLE
CSU,NASA-LWC
CSU,EPA-OH
CSU,USEPA
CEAO,Esci
CEAO,StrA
CWP,OSWA
OFMA,FEMA
OFMA,WMAO
OFMA,ODNR
OFMA,CC-PU
OFMA,EDG
OFMA,ODNR-DW
OFMA,USGS-OWSC
OFMA,OEMA
OFMA,EPA-OH
Filt,TCWP
Filt,ErieSWCD
GCEA,DukeE
GCEA,ISPInc
GCEA,CC-OES
ODS,ODNR-DW
ODS,TNC-OH
NPS,NPS-CVNP
NPS,NPCA
OFGC,USDA-NRCS
USDOT,ODOT
USDOT,OSU-CFAES
OHISA,AEP
OHISA,OSU-CFAES
OHISA,ODNR
OHISA,OSAF
OHISA,ADF
OHISA,ONLA
LTC,HockingSWCD
LTC,ODNR
ADF,DRG
WHC,LTA
WHC,AEP
WHC,DRG
WHC,NWTF-OH
OTFC,OFA
OTFC,ODNR-DF
OTFC,NWTF-OH
OTFC,OSU-E
CALG,OSU-CFAES
CCBOR,FTA
SMGC,OSU-OARDC
SMGC,TNC-OH
SMGC,OEC
SMGC,NACD
OVRDC,ODOT
OVRDC,USDA
OVRDC,OPWC
OVRDC,ERCG
CCC,CNP
CCC,CWA
CCC,CSU
CCC,SCLE
CCC,TPL
CCC,WRLC
ASA,USDA-NRCS
ASA,TFI
ASA,SHI
ASA,NACD
ASA,EDF
ULI-C,OSU-CFAES
ULI-C,CoCol
ULI-C,MORPC
MBWG,OU-DEPB
MBWG,USFS
MBWG,OSU-E
MBWG,ODNR-DW
MBWG,ODNR
MBWG,OSU-CFAES
UA-FS,NPS-CVNP
UA-FS,SummitMP
UA-FS,CleM
MJV,CNC
MJV,GPHC
MJV,NPS
MJV,NWF
MJV,NRPA
MJV,USDA-NRCS
MJV,OPHI
MJV,PF
MJV,QF
MJV,USFWS
MJV,USFS
MJV,USGS-OH
NRPA,OPRA
EPA-OH-DAPC,EPA-OH
EPA-OH-DAPC,ARAQMD
EPA-OH-DAPC,LCGHD
NCSL,NPS
NCSL,Au-OH
NCSL,EECO
NCSL,DBWP
NCSL,GCBL
NCSL,LEAP
NCSL,EHW
CGBC,USGBC-OH
BVGT,CuyahogaSWCD
BVGT,LENSC
SurfF,SC-OH
SurfF,AFGL
USEPA-NRMRL,USEPA
BRFN,USDA-NRCS
BRFN,OFB
BRFN,TNC-OH
BRFN,ODA-SWC
BRFN,EPA-OH
BRFN,USGS-OH
BRFN,OSU-E
BRFN,USDA-NRCS
BRFN,OSBC
BRFN,HardinSWCD
BRFN,HancockSWCD
BRFN,BRWP
BRFN,OFSWCD
BRFN,OAA
GLCAP-OH,EPA-OH-DDGW
GLCAP-OH,OWDA
GLCAP-OH,USEPA
GLCAP-OH,USDA
OWQA,ODH
OWQA,EPA-OH
USACE,USACE-H
USACE,NOAA
USACE,USGS-OH
USACE,USEPA
USACE,FEMA
USACE,USDA
CoCol,CC-OS
CoCol,SCBus
CoCol,CC-RPD
CoCol,CC-PH
OAA,TFI
TFI,4RNS
AOMWA,NEORSD
AOMWA,MSDGC
AOMWA,CC-PU
AFS-OH,OSU-SENR
AFS-OH,ODNR-DW
AFS-OH,USFWS
SER,NPS
SER,BioH
ARAQMD,SummitCPH
ARAQMD,EPA-OH
ARAQMD,EPA-OH-DAPC
CWRU-OES,DBWP
CWRU-OES,USGBC-OH
CNP,NOACA
CNP,CSU
CNP,NEORSD
CNP,CWRU-OES
CNP,CoCLE
CNP,CleF
GCEAll,CC-OES